Customer_ID,Customer_Name,City,Product,Category,Quantity,Price,Order_Date
C001,Rahul,Hyderabad,Laptop,Electronics,1,55000,2025-01-05
C002,Priya,Chennai,Headphones,Electronics,2,2500,2025-01-08
C003,Arjun,Bangalore,Keyboard,Electronics,1,3000,2025-01-12
C004,Sneha,Delhi,Mouse,Electronics,3,1200,2025-01-15
C005,Vikram,Mumbai,Monitor,Electronics,1,15000,2025-01-20
C006,Ananya,Hyderabad,Jeans,Fashion,2,2500,2025-02-03
C007,Rohit,Chennai,Shoes,Fashion,1,4000,2025-02-07
C008,Meena,Bangalore,T-Shirt,Fashion,3,1200,2025-02-10
C009,Kiran,Delhi,Laptop,Electronics,2,55000,2025-02-14
C010,Divya,Mumbai,Headphones,Electronics,1,2500,2025-02-18
C011,Rahul,Hyderabad,Monitor,Electronics,2,15000,2025-02-22
C012,Priya,Chennai,Shoes,Fashion,2,4000,2025-02-25
C013,Arjun,Bangalore,Mouse,Electronics,4,1200,2025-03-02
C014,Sneha,Delhi,Keyboard,Electronics,2,3000,2025-03-06
C015,Vikram,Mumbai,Jeans,Fashion,1,2500,2025-03-10
C016,Ananya,Hyderabad,Laptop,Electronics,1,55000,2025-03-15
C017,Rohit,Chennai,T-Shirt,Fashion,2,1200,2025-03-18
C018,Meena,Bangalore,Headphones,Electronics,3,2500,2025-03-20
C019,Kiran,Delhi,Monitor,Electronics,1,15000,2025-03-24
C020,Divya,Mumbai,Shoes,Fashion,2,4000,2025-03-28